Workbook

Sheet Devices
A1: Home Devices — Power (W)
A2: Watts × hours = Wh
A3: Device | B3: Power (W) | C3: Hrs/day | D3: kWh/day | E3: kWh/month
A4: Refrigerator | B4: 150 | C4: 24 | D4: =B4*C4/1000 | E4: =D4*30
A5: LED TV | B5: 80 | C5: 5 | D5: =B5*C5/1000 | E5: =D5*30
A6: Electric oven | B6: 2400 | C6: 1 | D6: =B6*C6/1000 | E6: =D6*30
A7: Washing machine | B7: 500 | C7: 0.5 | D7: =B7*C7/1000 | E7: =D7*30
A8: Water heater | B8: 4000 | C8: 2 | D8: =B8*C8/1000 | E8: =D8*30
A9: Laptop | B9: 65 | C9: 6 | D9: =B9*C9/1000 | E9: =D9*30
A10: LED lights | B10: 40 | C10: 6 | D10: =B10*C10/1000 | E10: =D10*30
A11: Air conditioner | B11: 1500 | C11: 6 | D11: =B11*C11/1000 | E11: =D11*30
A12: Microwave | B12: 1000 | C12: 0.25 | D12: =B12*C12/1000 | E12: =D12*30
A13: Smartphone charger | B13: 10 | C13: 3 | D13: =B13*C13/1000 | E13: =D13*30

Sheet Cost
A1: Electricity Cost ($0.35/kWh Hawaii)
A2: Monthly bill
A3: Device | B3: kWh/month | C3: Cost ($)
A4: =Devices!A4 | B4: =Devices!E4 | C4: =B4*0.35
A5: =Devices!A5 | B5: =Devices!E5 | C5: =B5*0.35
A6: =Devices!A6 | B6: =Devices!E6 | C6: =B6*0.35
A7: =Devices!A7 | B7: =Devices!E7 | C7: =B7*0.35
A8: =Devices!A8 | B8: =Devices!E8 | C8: =B8*0.35
A9: =Devices!A9 | B9: =Devices!E9 | C9: =B9*0.35
A10: =Devices!A10 | B10: =Devices!E10 | C10: =B10*0.35
A11: =Devices!A11 | B11: =Devices!E11 | C11: =B11*0.35
A12: =Devices!A12 | B12: =Devices!E12 | C12: =B12*0.35
A13: =Devices!A13 | B13: =Devices!E13 | C13: =B13*0.35
A14: TOTAL | B14: =SUM(B4:B13) | C14: =SUM(C4:C13)

Sheet Solar
A1: Solar Offset
A2: 25 kWh/day panel system
A3: Total kWh/month | B3: Solar kWh/month | C3: New Bill
A4: =Cost!B14 | B4: =25*30 | C4: =MAX(0,(A4-B4))*0.35

Sheet LED Savings
A1: Incandescent → LED Savings
A2: 60W vs. 10W, 6 hr/day
A3: Bulbs | B3: Incan. kWh/mo | C3: LED kWh/mo | D3: Savings ($)
A4: 1 | B4: =A4*60*6*30/1000 | C4: =A4*10*6*30/1000 | D4: =(B4-C4)*0.35
A5: 5 | B5: =A5*60*6*30/1000 | C5: =A5*10*6*30/1000 | D5: =(B5-C5)*0.35
A6: 10 | B6: =A6*60*6*30/1000 | C6: =A6*10*6*30/1000 | D6: =(B6-C6)*0.35
A7: 20 | B7: =A7*60*6*30/1000 | C7: =A7*10*6*30/1000 | D7: =(B7-C7)*0.35
A8: 50 | B8: =A8*60*6*30/1000 | C8: =A8*10*6*30/1000 | D8: =(B8-C8)*0.35

Sheet Chart
A1: Monthly Cost by Device
A2: Identify top consumers
A3: Device | B3: Cost ($)
A4: =Cost!A4 | B4: =Cost!C4
A5: =Cost!A5 | B5: =Cost!C5
A6: =Cost!A6 | B6: =Cost!C6
A7: =Cost!A7 | B7: =Cost!C7
A8: =Cost!A8 | B8: =Cost!C8
A9: =Cost!A9 | B9: =Cost!C9
A10: =Cost!A10 | B10: =Cost!C10
A11: =Cost!A11 | B11: =Cost!C11
A12: =Cost!A12 | B12: =Cost!C12
A13: =Cost!A13 | B13: =Cost!C13
