Workbook

Sheet Original
A1: Original Truss Shape
A2: 6 vertices
A3: x | B3: y
A4: 0 | B4: 0
A5: 2 | B5: 0
A6: 4 | B6: 0
A7: 3 | B7: 2
A8: 2 | B8: 4
A9: 1 | B9: 2

Sheet Translation h=5
A1: Translation (h=5 along x)
A2: x → x+5
A3: x translated | B3: y
A4: =Original!A4+5 | B4: =Original!B4
A5: =Original!A5+5 | B5: =Original!B5
A6: =Original!A6+5 | B6: =Original!B6
A7: =Original!A7+5 | B7: =Original!B7
A8: =Original!A8+5 | B8: =Original!B8
A9: =Original!A9+5 | B9: =Original!B9

Sheet Reflection
A1: Reflection across x-axis
A2: y → -y
A3: x | B3: -y
A4: =Original!A4 | B4: =Original!B4*(-1)
A5: =Original!A5 | B5: =Original!B5*(-1)
A6: =Original!A6 | B6: =Original!B6*(-1)
A7: =Original!A7 | B7: =Original!B7*(-1)
A8: =Original!A8 | B8: =Original!B8*(-1)
A9: =Original!A9 | B9: =Original!B9*(-1)

Sheet Dilation
A1: Gear Dilation by Factor
A2: Scales: 0.5×, 1×, 2×, 4×
A3: x | B3: y | C3: x×0.5 | D3: y×0.5 | E3: x×2 | F3: y×2 | G3: x×4 | H3: y×4 | I3: Vertex
A4: =Original!A4 | B4: =Original!B4 | C4: =A4*0.5 | D4: =B4*0.5 | E4: =A4*2 | F4: =B4*2 | G4: =A4*4 | H4: =B4*4 | I4: V1
A5: =Original!A5 | B5: =Original!B5 | C5: =A5*0.5 | D5: =B5*0.5 | E5: =A5*2 | F5: =B5*2 | G5: =A5*4 | H5: =B5*4 | I5: V2
A6: =Original!A6 | B6: =Original!B6 | C6: =A6*0.5 | D6: =B6*0.5 | E6: =A6*2 | F6: =B6*2 | G6: =A6*4 | H6: =B6*4 | I6: V3
A7: =Original!A7 | B7: =Original!B7 | C7: =A7*0.5 | D7: =B7*0.5 | E7: =A7*2 | F7: =B7*2 | G7: =A7*4 | H7: =B7*4 | I7: V4
A8: =Original!A8 | B8: =Original!B8 | C8: =A8*0.5 | D8: =B8*0.5 | E8: =A8*2 | F8: =B8*2 | G8: =A8*4 | H8: =B8*4 | I8: V5
A9: =Original!A9 | B9: =Original!B9 | C9: =A9*0.5 | D9: =B9*0.5 | E9: =A9*2 | F9: =B9*2 | G9: =A9*4 | H9: =B9*4 | I9: V6

Sheet Rotation 90
A1: 90° Rotation
A2: (x, y) → (-y, x)
A3: new x (=-y) | B3: new y (=x)
A4: =-Original!B4 | B4: =Original!A4
A5: =-Original!B5 | B5: =Original!A5
A6: =-Original!B6 | B6: =Original!A6
A7: =-Original!B7 | B7: =Original!A7
A8: =-Original!B8 | B8: =Original!A8
A9: =-Original!B9 | B9: =Original!A9
