Workbook

Sheet Designs
A1: Tank Design Comparison — 5 Shapes
A2: Volume, SA, cost, efficiency
A3: Design | B3: Shape | C3: Dim 1 | D3: Dim 2 | E3: Dim 3 | F3: Volume (m³) | G3: SA (m²)
A4: Cube | B4: Cube | C4: 5 | F4: =C4^3 | G4: =6*C4^2
A5: Cylinder | B5: Cylinder | C5: 3 | D5: 8 | F5: =PI()*C5^2*D5 | G5: =2*PI()*C5*(C5+D5)
A6: Cone | B6: Cone | C6: 3 | D6: 8 | F6: =(1/3)*PI()*C6^2*D6 | G6: =PI()*C6*(C6+SQRT(C6^2+D6^2))
A7: Sphere | B7: Sphere | C7: 3 | F7: =(4/3)*PI()*C7^3 | G7: =4*PI()*C7^2
A8: Rect Prism | B8: Rect | C8: 4 | D8: 5 | E8: 6 | F8: =C8*D8*E8 | G8: =2*(C8*D8+C8*E8+D8*E8)

Sheet Cost Analysis
A1: Material Cost & Efficiency
A2: $50/m² surface area
A3: Design | B3: Volume | C3: SA | D3: Cost ($) | E3: V / $
A4: =Designs!A4 | B4: =Designs!F4 | C4: =Designs!G4 | D4: =C4*50 | E4: =B4/D4
A5: =Designs!A5 | B5: =Designs!F5 | C5: =Designs!G5 | D5: =C5*50 | E5: =B5/D5
A6: =Designs!A6 | B6: =Designs!F6 | C6: =Designs!G6 | D6: =C6*50 | E6: =B6/D6
A7: =Designs!A7 | B7: =Designs!F7 | C7: =Designs!G7 | D7: =C7*50 | E7: =B7/D7
A8: =Designs!A8 | B8: =Designs!F8 | C8: =Designs!G8 | D8: =C8*50 | E8: =B8/D8

Sheet Charts
A1: Visualization
A2: Volume, cost, efficiency
A3: Design | B3: Volume (m³) | C3: Cost ($) | D3: Efficiency
A4: ='Cost Analysis'!A4 | B4: ='Cost Analysis'!B4 | C4: ='Cost Analysis'!D4 | D4: ='Cost Analysis'!E4
A5: ='Cost Analysis'!A5 | B5: ='Cost Analysis'!B5 | C5: ='Cost Analysis'!D5 | D5: ='Cost Analysis'!E5
A6: ='Cost Analysis'!A6 | B6: ='Cost Analysis'!B6 | C6: ='Cost Analysis'!D6 | D6: ='Cost Analysis'!E6
A7: ='Cost Analysis'!A7 | B7: ='Cost Analysis'!B7 | C7: ='Cost Analysis'!D7 | D7: ='Cost Analysis'!E7
A8: ='Cost Analysis'!A8 | B8: ='Cost Analysis'!B8 | C8: ='Cost Analysis'!D8 | D8: ='Cost Analysis'!E8
